,L1NN,L2NN,RIDGE
0.0,173.90112133,191.226776368,58.3195201135
0.25,204.209794084,426.958218096,844.24382398
0.5,220.631820008,909.99006588,1781.63208444
0.75,252.067609978,1392.04956808,2477.84798375
1.0,250.447439596,2050.57214455,3194.04758506
