,CVL1,TrainL1,CVL2,TrainL2
0.1,0.49350657597796366,1.0,0.49350657597796366,1.0
0.15000000000000002,0.49350657597796366,1.0,0.49350657597796366,1.0
0.2,0.49350657597796366,1.0,0.49350657597796366,1.0
0.25,0.49350657597796366,1.0,0.49350657597796366,1.0
0.30000000000000004,0.49350657597796366,1.0,0.49350657597796366,1.0
0.35,0.49350657597796366,1.0,0.49350657597796366,1.0
0.4,0.49350657597796366,1.0,0.49350657597796366,1.0
0.45000000000000007,0.49350657597796366,1.0,0.49350657597796366,1.0
0.5,0.8608288972527525,0.9922255057967722,0.827587649109766,0.9922255057967722
0.55,0.9571533460734788,0.9929324240545568,0.9571533460734788,0.9929324240545568
0.6,0.9571533460734788,0.9935215002841448,0.9571533460734788,0.9935215002841448
0.65,0.9571533460734788,0.9940199335548174,0.9571533460734788,0.9940199335548174
0.7000000000000001,0.9571533460734788,0.9944471505114466,0.9571533460734788,0.9944471505114466
0.75,0.9571533460734788,0.9948173965752385,0.9571533460734788,0.9948173965752385
0.8,0.9571533460734788,0.9951413553061513,0.9571533460734788,0.9951413553061513
0.85,0.9571533460734788,0.9954271961492178,0.9571533460734788,0.9954271961492178
0.9,0.9571533460734788,0.9956812728879909,0.9571533460734788,0.9956812728879909
0.9500000000000001,0.9571533460734788,0.9959086015073574,0.9571533460734788,0.9959086015073574
1.0,0.9936606295174704,0.9937947494033412,0.9936606295174704,0.9937947494033412
