,CVL1,TrainL1,CVL2,TrainL2
0.1,0.4935065539131184,1.0,0.4935065539131184,1.0
0.15000000000000002,0.4935065539131184,1.0,0.4935065539131184,1.0
0.2,0.4935065539131184,1.0,0.4935065539131184,1.0
0.25,0.4935065539131184,1.0,0.4935065539131184,1.0
0.30000000000000004,0.4935065539131184,1.0,0.4935065539131184,1.0
0.35,0.4935065539131184,1.0,0.4935065539131184,1.0
0.4,0.4935065539131184,1.0,0.4935065539131184,1.0
0.45000000000000007,0.4935065539131184,1.0,0.4935065539131184,1.0
0.5,0.5691699540100744,0.9975447570332481,0.583589227831822,0.9972890025575447
0.55,0.8934355056786666,0.9958149267612184,0.9066335854956182,0.9933038828179492
0.6,0.9344456663805362,0.9982523444160274,0.9416079413722407,0.9976982097186701
0.65,0.9522428849766882,0.9972063741884714,0.9530616127875711,0.9968129057643124
0.7000000000000001,0.9523450300226536,0.9968578735842162,0.9534703497157482,0.9965290464011691
0.75,0.952447331812935,0.9962148337595907,0.9537772550865921,0.995771526001705
0.8,0.952447331812935,0.995140664961637,0.9538795568768734,0.9947570332480818
0.85,0.9554140837310934,0.9954866857228826,0.9554140837310934,0.9954265081991875
0.9,0.9556186873116561,0.9956521739130434,0.9554140837310934,0.9955953395851094
0.9500000000000001,0.9556186873116561,0.9956117916274062,0.9557209891019374,0.9955848701036478
1.0,0.9941706793665677,0.9953714358777651,0.9941706793665677,0.9953458637002941
