,CVL1,TrainL1,CVL2,TrainL2
0.1,0.4935065539131184,1.0,0.4935065539131184,1.0
0.15000000000000002,0.4935065539131184,1.0,0.4935065539131184,1.0
0.2,0.4935065539131184,1.0,0.4935065539131184,1.0
0.25,0.4935065539131184,1.0,0.4935065539131184,1.0
0.30000000000000004,0.4935065539131184,1.0,0.4935065539131184,1.0
0.35,0.4935065539131184,1.0,0.4935065539131184,1.0
0.4,0.4935065539131184,1.0,0.4935065539131184,1.0
0.45000000000000007,0.4935065539131184,1.0,0.4935065539131184,1.0
0.5,0.5291830728789322,0.9997953964194373,0.5359301314828914,0.9997953964194373
0.55,0.817654707882045,0.9933968844454778,0.7985306497189197,0.99111834457103
0.6,0.8656038859790132,0.9976555839727196,0.8525106161819404,0.997612958226769
0.65,0.8798196507058161,0.9972457210308872,0.8675439061050048,0.9972063741884714
0.7000000000000001,0.9155206721632208,0.9936426744610888,0.910918084367986,0.9923639020825721
0.75,0.9232937250490254,0.9945439045183291,0.9189981472276922,0.9934867860187554
0.8,0.9331146446145043,0.9938299232736574,0.928921943259188,0.9922634271099744
0.85,0.9342399643075991,0.9938919813449676,0.9301495647425639,0.9924176320144426
0.9,0.9420164678121405,0.9927536231884059,0.9365961449734485,0.990480250071043
0.9500000000000001,0.9459040925871474,0.9932696190604389,0.9403820949354378,0.9905774666846145
1.0,0.9848650304558106,0.9936069556322721,0.9793430328041012,0.991049737885181
