,CVL1,TrainL1,CVL2,TrainL2
0.1,0.4935065539131184,1.0,0.4935065539131184,1.0
0.15000000000000002,0.4935065539131184,1.0,0.4935065539131184,1.0
0.2,0.4935065539131184,1.0,0.4935065539131184,1.0
0.25,0.4935065539131184,1.0,0.4935065539131184,1.0
0.30000000000000004,0.4935065539131184,1.0,0.4935065539131184,1.0
0.35,0.4935065539131184,1.0,0.4935065539131184,1.0
0.4,0.4935065539131184,1.0,0.4935065539131184,1.0
0.45000000000000007,0.4935065539131184,1.0,0.4935065539131184,1.0
0.5,0.8101010937798947,0.9959590792838876,0.7697016094142025,0.9962148337595907
0.55,0.9542902271986424,0.9922343641013718,0.9539833741293272,0.9924668681701929
0.6,0.9563357926110505,0.993393009377664,0.9563355314239471,0.9934356351236145
0.65,0.9573578177464388,0.9980720047216209,0.9572555159561574,0.9980720047216209
0.7000000000000001,0.9571532664674048,0.9944464742418706,0.9570509646771235,0.9944464742418706
0.75,0.9571532664674048,0.9948167092924127,0.9571532664674048,0.9948167092924127
0.8,0.9571532664674048,0.9951406649616368,0.9571532664674048,0.9951406649616368
0.85,0.9573578177464388,0.9965999699112382,0.9573578177464388,0.9965999699112382
0.9,0.9573578177464388,0.9961921000284171,0.9573578177464388,0.9961921000284171
0.9500000000000001,0.9571532664674048,0.9959617714362633,0.9571532664674048,0.9959617714362633
1.0,0.9960120592901027,0.9959084516046541,0.9960120592901027,0.9959084516046541
