,CVL1,TrainL1,CVL2,TrainL2
0.1,0.4935065539131184,1.0,0.4935065539131184,1.0
0.15000000000000002,0.4935065539131184,1.0,0.4935065539131184,1.0
0.2,0.4935065539131184,1.0,0.4935065539131184,1.0
0.25,0.4935065539131184,1.0,0.4935065539131184,1.0
0.30000000000000004,0.4935065539131184,1.0,0.4935065539131184,1.0
0.35,0.4935065539131184,1.0,0.4935065539131184,1.0
0.4,0.4935065539131184,1.0,0.4935065539131184,1.0
0.45000000000000007,0.4935065539131184,1.0,0.4935065539131184,1.0
0.5,0.5402354264901985,0.9975959079283887,0.5608881599868613,0.9959079283887469
0.55,0.9050932584606232,0.9918623575912578,0.9317858201537621,0.9940013950244129
0.6,0.942629130003709,0.9932651321398124,0.9537784045983333,0.9935208866155157
0.65,0.955004928871497,0.9935864646862089,0.9571532664674048,0.9940192799527837
0.7000000000000001,0.955004928871497,0.9940445743514796,0.9571532664674048,0.9944464742418706
0.75,0.955004928871497,0.9944416027280478,0.9571532664674048,0.9948167092924127
0.8,0.955004928871497,0.9947890025575447,0.9571532664674048,0.9951406649616368
0.85,0.9566417575159981,0.9954265081991875,0.9571532664674048,0.9954265081991875
0.9,0.9566417575159981,0.9956805910770106,0.9571532664674048,0.9956805910770106
0.9500000000000001,0.9566417575159981,0.9959079283887468,0.9571532664674048,0.9959079283887468
1.0,0.9960120592901027,0.996010740314538,0.9960120592901027,0.996010740314538
